Activity Date,Player ID,Gender,Age,Country,Wager Amount,Winning Amount,Deposit Amount,Withdrawal Amount,Review Status,Decision,Comment
2015-10-16,1156,F,18,Canada,235.56966,146.52091,4513.73529,5139.38026,Review in Progress,Operator Review needed,Synthetic input for workflow demonstration only.
2015-12-28,450,M,28,Europe,112.07576,37.73236,4608.7175,4886.8936,Review Completed,No Action required,Synthetic input for workflow demonstration only.
2015-09-11,562,F,38,US,128.02027,76.32212,5515.20281,4793.62492,To be reviewed,Account Freeze requested,Synthetic input for workflow demonstration only.
2016-01-31,4549,M,59,US,55.35392,15.476,3440.99558,4546.51926,Review in Progress,Operator Review needed,Synthetic input for workflow demonstration only.
2015-12-29,4833,M,28,US,39.31310999999999,9.51304,3528.18422,3825.29936,Review Completed,No Action required,Synthetic input for workflow demonstration only.
2015-08-18,4129,F,26,Canada,30.38638,5.14319,4828.32479,3736.486080000001,To be reviewed,Account Freeze requested,Synthetic input for workflow demonstration only.
2015-12-21,3250,F,13,Canada,515.28036,259.04691,5603.34187,3626.69072,Review in Progress,Operator Review needed,Synthetic input for workflow demonstration only.
2015-11-02,1266,M,35,Canada,146.81789,90.9894,3681.20089,3369.91703,Review Completed,No Action required,Synthetic input for workflow demonstration only.
2015-11-22,2408,M,34,Europe,92.92929,72.34633,3669.02168,3274.6951,To be reviewed,Account Freeze requested,Synthetic input for workflow demonstration only.
2015-12-24,2552,F,15,Canada,242.20263,119.80445,4253.99569,3239.4909,Review in Progress,Operator Review needed,Synthetic input for workflow demonstration only.
2015-07-25,63,M,12,Canada,187.14145,120.6404,4698.80193,3120.9876,Review Completed,No Action required,Synthetic input for workflow demonstration only.
2015-11-16,2470,F,39,Canada,243.37153,143.8914,3186.82539,3114.17668,To be reviewed,Account Freeze requested,Synthetic input for workflow demonstration only.
2016-01-05,2874,M,62,US,80.69565,72.08115000000001,2686.43563,3075.05931,Review in Progress,Operator Review needed,Synthetic input for workflow demonstration only.
2015-11-22,4958,M,24,Canada,86.84300999999999,33.51177,2881.34582,2958.94463,Review Completed,No Action required,Synthetic input for workflow demonstration only.
2015-12-23,2838,M,29,Canada,62.39778,36.51515,4842.39022,2946.49304,To be reviewed,Account Freeze requested,Synthetic input for workflow demonstration only.
2015-10-17,300,M,25,Canada,60.36461,50.44979000000001,4098.75409,2929.25471,Review in Progress,Operator Review needed,Synthetic input for workflow demonstration only.
2015-07-23,761,F,59,Canada,114.57634,10.82696,3606.15536,2855.89044,Review Completed,No Action required,Synthetic input for workflow demonstration only.
2015-11-27,1798,F,60,US,99.433,65.93303,5843.96848,2825.32008,To be reviewed,Account Freeze requested,Synthetic input for workflow demonstration only.
2015-12-06,3304,M,40,US,361.15738,90.4031,3548.48073,2822.95473,Review in Progress,Operator Review needed,Synthetic input for workflow demonstration only.
2015-11-05,3271,F,65,US,228.92894,81.56479,4860.65853,2809.95718,Review Completed,No Action required,Synthetic input for workflow demonstration only.
2016-01-02,4312,M,64,Canada,238.22986,134.29021,4398.95046,2795.04908,To be reviewed,Account Freeze requested,Synthetic input for workflow demonstration only.
2015-11-12,611,M,42,Europe,34.02644,21.52549,2322.60105,2776.78619,Review in Progress,Operator Review needed,Synthetic input for workflow demonstration only.
2015-11-13,4662,M,52,Europe,66.16574,12.504,4970.06279,2768.64152,Review Completed,No Action required,Synthetic input for workflow demonstration only.
2015-12-15,4959,F,39,Canada,134.56864,124.81404,4324.65213,2757.45826,To be reviewed,Account Freeze requested,Synthetic input for workflow demonstration only.
2015-12-27,800,F,26,Europe,53.38166,16.05134,5082.33641,2733.00263,Review in Progress,Operator Review needed,Synthetic input for workflow demonstration only.
2015-09-14,4217,M,40,US,94.68821,11.72282,5610.27051,2646.88218,Review Completed,No Action required,Synthetic input for workflow demonstration only.
2015-11-23,2186,M,33,Europe,55.32303,37.07954,4004.43989,2599.53423,To be reviewed,Account Freeze requested,Synthetic input for workflow demonstration only.
2015-10-17,1562,M,61,Europe,14.23394,13.4284,3039.32315,2578.85321,Review in Progress,Operator Review needed,Synthetic input for workflow demonstration only.
2016-01-20,2766,M,12,Canada,92.40844,72.58085,5092.36524,2555.66822,Review Completed,No Action required,Synthetic input for workflow demonstration only.
2015-09-19,3333,M,64,Canada,118.06604,55.83185,5015.40469,2538.64343,To be reviewed,Account Freeze requested,Synthetic input for workflow demonstration only.
2015-11-18,2873,M,34,Canada,178.3171,63.66970999999999,5208.76301,2497.37892,Review in Progress,Operator Review needed,Synthetic input for workflow demonstration only.
2015-12-10,3395,M,50,Canada,195.29497,93.82115999999999,6096.829909999999,2497.3661,Review Completed,No Action required,Synthetic input for workflow demonstration only.
2015-12-04,834,M,61,Canada,89.30324,37.05646,5366.2129,2474.2664,To be reviewed,Account Freeze requested,Synthetic input for workflow demonstration only.
2015-12-07,2733,M,18,Europe,1160.94278,561.18454,4547.79435,2434.38072,Review in Progress,Operator Review needed,Synthetic input for workflow demonstration only.
2016-01-11,1794,M,41,Europe,334.68348,299.67501,3022.79863,2381.59189,Review Completed,No Action required,Synthetic input for workflow demonstration only.
2015-12-21,2420,M,22,Europe,66.6628,26.32199,5388.20179,2379.25942,To be reviewed,Account Freeze requested,Synthetic input for workflow demonstration only.
2016-01-17,667,M,23,Canada,63.92849,3.61965,3258.34219,2379.21665,Review in Progress,Operator Review needed,Synthetic input for workflow demonstration only.
2016-01-28,998,F,58,Canada,59.96182,54.64128,2779.59092,2368.44305,Review Completed,No Action required,Synthetic input for workflow demonstration only.
2016-01-11,3536,M,50,Europe,62.83211,30.96283,3278.45715,2354.29118,To be reviewed,Account Freeze requested,Synthetic input for workflow demonstration only.
2015-09-05,325,M,37,Canada,114.54924,52.72217,3143.30283,2342.52261,Review in Progress,Operator Review needed,Synthetic input for workflow demonstration only.
2015-12-16,2957,M,33,Europe,132.4463,44.11765,2549.09442,2330.43922,Review Completed,No Action required,Synthetic input for workflow demonstration only.
2016-01-21,4759,M,27,Europe,653.9299,323.43746,3168.71491,2317.40326,To be reviewed,Account Freeze requested,Synthetic input for workflow demonstration only.
2015-06-30,646,M,37,Canada,64.09745,21.35379,3469.58263,2315.92831,Review in Progress,Operator Review needed,Synthetic input for workflow demonstration only.
2015-11-21,200,M,57,Europe,192.8394,100.63321,5044.860619999999,2312.47903,Review Completed,No Action required,Synthetic input for workflow demonstration only.
2016-01-10,3065,M,37,Canada,77.95584,85.54661999999999,3482.42341,2302.2177,To be reviewed,Account Freeze requested,Synthetic input for workflow demonstration only.
2015-09-17,890,M,53,US,74.06049,59.49952,4295.97131,2297.3987,Review in Progress,Operator Review needed,Synthetic input for workflow demonstration only.
2015-12-21,4380,M,28,US,33.14818,35.37602,2666.03828,2282.59467,Review Completed,No Action required,Synthetic input for workflow demonstration only.
2016-01-11,1861,M,54,Canada,48.65715,14.19634,6971.71959,2269.69323,To be reviewed,Account Freeze requested,Synthetic input for workflow demonstration only.
2015-12-03,5000,M,30,Canada,33.87371,29.83038,2805.70016,2267.52493,Review in Progress,Operator Review needed,Synthetic input for workflow demonstration only.
2015-09-23,2342,M,54,Canada,184.86161,52.93841,4073.04958,2266.89931,Review Completed,No Action required,Synthetic input for workflow demonstration only.
