MonthDate,GameType,PlayerVolume,TotalWagers,TotalWinnings,AverageOdds
2015-02-01,Cash Games,1765,30189.47042,16712.0551,3.767034044785938
2015-02-01,Tournaments,2545,48751.81126,28256.58096,3.734813013459455
2015-03-01,Cash Games,1965,33705.44319,18459.93602,3.665667039590893
2015-03-01,Tournaments,2711,55352.88483,31244.6026,3.742219565606926
2015-04-01,Cash Games,1856,34184.85392,20064.67368,3.707095749748835
2015-04-01,Tournaments,2685,56809.5264,32364.62371,3.6558207579252575
2015-05-01,Cash Games,1985,33100.83504,18884.54368,3.630144562363548
2015-05-01,Tournaments,2647,54855.96467,31176.75793,3.708169906581464
2015-06-01,Cash Games,1889,32265.46173,18586.71544,3.7891860882276793
2015-06-01,Tournaments,2594,51128.59607,28564.54614,3.704827662795059
2015-07-01,Cash Games,1962,34428.44385,18297.50044,3.791025685609559
2015-07-01,Tournaments,2639,53403.11068,29266.60481,3.7052870165379748
2015-08-01,Cash Games,1945,34908.60242,19454.17249,3.846299243888707
2015-08-01,Tournaments,2705,55347.36265,31010.99875,3.6492668127956587
2015-09-01,Cash Games,1854,32341.79698,18445.62094,3.6227222655583162
2015-09-01,Tournaments,2553,52501.17337,31207.43207,3.7534090148992183
2015-10-01,Cash Games,1938,33398.0167,19005.2669,3.689219974831007
2015-10-01,Tournaments,2636,54345.57536,31239.27604,3.707920792801486
2015-11-01,Cash Games,1888,31922.74399,19691.75397,3.8872238081420627
2015-11-01,Tournaments,2606,52377.03503,28652.52684,3.7826309074965763
2015-12-01,Cash Games,1956,33275.11087,20306.33754,3.859424872476276
2015-12-01,Tournaments,2614,51569.52616,29501.93342,3.835485408337799
2016-01-01,Cash Games,1925,36758.3362,20598.27173,3.8059676473917774
2016-01-01,Tournaments,2685,56577.28324,32500.04446,3.7841412506761536
